<?xml version = "1.0"?>
<XML ID = "EQInterfaceDefinitionLanguage">
	<Schema xmlns = "EverQuestData" xmlns:dt = "EverQuestDataTypes"/>
	<!--
	<Button item="VAB_VoiceChannelLecture">
		<ScreenID>VAB_VoiceChannelLecture</ScreenID>
		<EQType>voicechat/Channel/Lecture</EQType>
		<RelativePosition>true</RelativePosition>
		<Location>
			<X>10</X>
			<Y>10</Y>
		</Location>
		<Size>
			<CX>50</CX>
			<CY>20</CY>
		</Size>
		<Style_VScroll>false</Style_VScroll>
		<Style_HScroll>false</Style_HScroll>
		<Style_Transparent>false</Style_Transparent>
		<Style_Checkbox>true</Style_Checkbox>
		<Text>Event</Text>
		<TooltipReference>SOE Fan Faire 2008 - Community Address</TooltipReference>
		<TextColor>
			<R>255</R>
			<G>255</G>
			<B>255</B>
		</TextColor>
		<Template>BDT_BigNormal</Template>
	</Button>-->
	<Button item="VAB_VoiceChannelGuild">
		<ScreenID>VAB_VoiceChannelGuild</ScreenID>
		<EQType>voicechat/Channel/Guild</EQType>
		<RelativePosition>true</RelativePosition>
		<Location>
			<X>10</X>
			<Y>10</Y>
		</Location>
		<Size>
			<CX>50</CX>
			<CY>20</CY>
		</Size>
		<Style_VScroll>false</Style_VScroll>
		<Style_HScroll>false</Style_HScroll>
		<Style_Transparent>false</Style_Transparent>
		<Style_Checkbox>true</Style_Checkbox>
		<Text>Guild</Text>
		<TextColor>
			<R>255</R>
			<G>255</G>
			<B>255</B>
		</TextColor>
		<Template>BDT_BigNormal</Template>
	</Button>
	<Button item="VAB_VoiceChannelRaid">
		<ScreenID>VAB_VoiceChannelRaid</ScreenID>
		<EQType>voicechat/Channel/Raid</EQType>
		<RelativePosition>true</RelativePosition>
		<Location>
			<X>10</X>
			<Y>30</Y>
		</Location>
		<Size>
			<CX>50</CX>
			<CY>20</CY>
		</Size>
		<Style_VScroll>false</Style_VScroll>
		<Style_HScroll>false</Style_HScroll>
		<Style_Transparent>false</Style_Transparent>
		<Style_Checkbox>true</Style_Checkbox>
		<Text>Raid</Text>
		<TextColor>
			<R>255</R>
			<G>255</G>
			<B>255</B>
		</TextColor>
		<Template>BDT_BigNormal</Template>
	</Button>
	<Button item="VAB_VoiceChannelGroup">
		<ScreenID>VAB_VoiceChannelGroup</ScreenID>
		<EQType>voicechat/Channel/Group</EQType>
		<RelativePosition>true</RelativePosition>
		<Location>
			<X>10</X>
			<Y>50</Y>
		</Location>
		<Size>
			<CX>50</CX>
			<CY>20</CY>
		</Size>
		<Style_VScroll>false</Style_VScroll>
		<Style_HScroll>false</Style_HScroll>
		<Style_Transparent>false</Style_Transparent>
		<Style_Checkbox>true</Style_Checkbox>
		<Text>Group</Text>
		<TextColor>
			<R>255</R>
			<G>255</G>
			<B>255</B>
		</TextColor>
		<Template>BDT_BigNormal</Template>
	</Button>
	<Button item="VAB_VoiceChannelNone">
		<ScreenID>VAB_VoiceChannelNone</ScreenID>
		<EQType>voicechat/Channel/None</EQType>
		<RelativePosition>true</RelativePosition>
		<Location>
			<X>10</X>
			<Y>90</Y>
		</Location>
		<Size>
			<CX>50</CX>
			<CY>20</CY>
		</Size>
		<Style_VScroll>false</Style_VScroll>
		<Style_HScroll>false</Style_HScroll>
		<Style_Transparent>false</Style_Transparent>
		<Style_Checkbox>true</Style_Checkbox>
		<Text>None</Text>
		<TextColor>
			<R>255</R>
			<G>255</G>
			<B>255</B>
		</TextColor>
		<Template>BDT_BigNormal</Template>
	</Button>
	<Button item="VAB_TemplateButton">
		<ScreenID>VAB_TemplateButton</ScreenID>
		<EQType>ChannelButton</EQType>
		<RelativePosition>true</RelativePosition>
		<Location>
			<X>0</X>
			<Y>0</Y>
		</Location>
		<Size>
			<CX>50</CX>
			<CY>20</CY>
		</Size>
		<Style_VScroll>false</Style_VScroll>
		<Style_HScroll>false</Style_HScroll>
		<Style_Transparent>false</Style_Transparent>
		<Style_Checkbox>true</Style_Checkbox>
		<Text>Zone</Text>
		<TextColor>
			<R>255</R>
			<G>255</G>
			<B>255</B>
		</TextColor>
		<Template>BDT_BigNormal</Template>
	</Button>
	<LayoutVertical item="VAB_Layout">
		<Padding>5</Padding>
		<ResizeVertical>true</ResizeVertical>
		<ResizeHorizontal>true</ResizeHorizontal>
	</LayoutVertical>
	<LayoutVertical item="VAB_LayoutSmall">
		<Padding>2</Padding>
		<ResizeVertical>true</ResizeVertical>
		<ResizeHorizontal>true</ResizeHorizontal>
	</LayoutVertical>
	<LayoutHorizontal item="VAB_LayoutResize">
		<Padding>2</Padding>
		<ResizeVertical>true</ResizeVertical>
		<ResizeHorizontal>true</ResizeHorizontal>
	</LayoutHorizontal>
	<Button item="VAB_CallWindowButton">
		<EQType>voicechat/CallButton VAB_OutgoingCall</EQType>
		<RelativePosition>true</RelativePosition>
		<Location>
			<X>105</X>
			<Y>140</Y>
		</Location>
		<Size>
			<CX>50</CX>
			<CY>20</CY>
		</Size>
		<Style_VScroll>false</Style_VScroll>
		<Style_HScroll>false</Style_HScroll>
		<Style_Transparent>false</Style_Transparent>
		<Style_Checkbox>true</Style_Checkbox>
		<Text>Call</Text>
		<TextColor>
			<R>255</R>
			<G>255</G>
			<B>255</B>
		</TextColor>
		<Template>BDT_BigNormal</Template>
	</Button>
	<TemplateContainer item="VAB_VoiceChannelSet">
		<EQType>voicechat/ChannelContainer</EQType>
		<RelativePosition>true</RelativePosition>
		<Layout>VAB_Layout</Layout>
		<Style_VScroll>false</Style_VScroll>
		<Style_HScroll>false</Style_HScroll>
		<Style_Transparent>true</Style_Transparent>
		<Location>
			<X>0</X>
			<Y>0</Y>
		</Location>
		<Size>
			<CX>60</CX>
			<CY>210</CY>
		</Size>
		<TemplatePieces>
			<Name>VoiceSession</Name>
			<Piece>VAB_TemplateButton</Piece>
		</TemplatePieces>
	</TemplateContainer>

	<Button item="VAB_VoiceChannelButton">
		<EQType>openwnd VAB_VoiceChannelWindow</EQType>
		<RelativePosition>true</RelativePosition>
		<Location>
			<X>105</X>
			<Y>140</Y>
		</Location>
		<Size>
			<CX>60</CX>
			<CY>20</CY>
		</Size>
		<Style_VScroll>false</Style_VScroll>
		<Style_HScroll>false</Style_HScroll>
		<Style_Transparent>false</Style_Transparent>
		<Style_Checkbox>true</Style_Checkbox>
		<Text>Channels</Text>
		<TooltipReference>Controls what channel you are using.</TooltipReference>
		<TextColor>
			<R>255</R>
			<G>255</G>
			<B>255</B>
		</TextColor>
		<Template>BDT_BigNormal</Template>
	</Button>
	<Screen item = "VAB_VoiceChannelWindow">
		<ScreenID>VAB_VoiceChannelWindow</ScreenID>
		<Layout>VAB_LayoutResize</Layout>
		<RelativePosition>false</RelativePosition>
		<EQType>closenotclicked</EQType>
		<Location>
			<X>0</X>
			<Y>0</Y>
		</Location>
		<Size>
			<CX>0</CX>
			<CY>0</CY>
		</Size>
		<Style_VScroll>false</Style_VScroll>
		<Style_HScroll>false</Style_HScroll>
		<Style_Transparent>false</Style_Transparent>
		<!--<TooltipReference/>-->
		<Text>Voice</Text>
		<DrawTemplate>WDT_RoundedNoTitle</DrawTemplate>
		<Style_Titlebar>false</Style_Titlebar>
		<Style_Closebox>false</Style_Closebox>
		<Style_Minimizebox>false</Style_Minimizebox>
		<Style_Border>true</Style_Border>
		<Style_Sizable>false</Style_Sizable>
		<Style_Closebox>false</Style_Closebox> 
		<Style_Minimizebox>false</Style_Minimizebox>
	</Screen>

	<Button item="VAB_VoiceTalkButton">
		<ScreenID>VAB_VoiceTalkButton</ScreenID>
	<EQType>voicechat/Talk</EQType>
		<RelativePosition>true</RelativePosition>
		<Location>
			<X>5</X>
			<Y>140</Y>
		</Location>
		<Size>
			<CX>50</CX>
			<CY>20</CY>
		</Size>
		<Style_VScroll>false</Style_VScroll>
		<Style_HScroll>false</Style_HScroll>
		<Style_Transparent>false</Style_Transparent>
		<Style_Checkbox>false</Style_Checkbox>
		<Text>Talk</Text>
		<TextColor>
			<R>255</R>
			<G>255</G>
			<B>255</B>
		</TextColor>
		<Template>BDT_BigNormal</Template>
	</Button>
	<Button item="VAB_VoiceOptionsButton">
		<ScreenID>VAB_VoiceOptionsButton</ScreenID>
		<EQType>voicechat/OptionsButton</EQType>
		<RelativePosition>true</RelativePosition>
		<Location>
			<X>165</X>
			<Y>140</Y>
		</Location>
		<Size>
			<CX>50</CX>
			<CY>20</CY>
		</Size>
		<Style_VScroll>false</Style_VScroll>
		<Style_HScroll>false</Style_HScroll>
		<Style_Transparent>false</Style_Transparent>
		<Style_Checkbox>false</Style_Checkbox>
		<Text>Options</Text>
		<TooltipReference>Open Voice Chat Options.</TooltipReference>
		<TextColor>
			<R>255</R>
			<G>255</G>
			<B>255</B>
		</TextColor>
		<Template>BDT_BigNormal</Template>
	</Button>
	<Button item="VAB_VoiceChangeUserButton">
		<ScreenID>VAB_VoiceChangeUserButton</ScreenID>
		<EQType>voicechat/ChangeUser</EQType>
		<RelativePosition>true</RelativePosition>
		<Location>
			<X>225</X>
			<Y>140</Y>
		</Location>
		<Size>
			<CX>50</CX>
			<CY>20</CY>
		</Size>
		<Style_VScroll>false</Style_VScroll>
		<Style_HScroll>false</Style_HScroll>
		<Style_Transparent>false</Style_Transparent>
		<Style_Checkbox>false</Style_Checkbox>
		<Text>Switch!</Text>
		<TooltipReference>Switch to current user.</TooltipReference>
		<TextColor>
			<R>255</R>
			<G>255</G>
			<B>255</B>
		</TextColor>
		<Template>BDT_BigNormal</Template>
	</Button>

	<Button item="VAB_ActiveSpeakersButton">
		<EQType>openwnd VAB_ActiveSpeakersWindow</EQType>
		<RelativePosition>true</RelativePosition>
		<Location>
			<X>55</X>
			<Y>140</Y>
		</Location>
		<Size>
			<CX>50</CX>
			<CY>20</CY>
		</Size>
		<Style_VScroll>false</Style_VScroll>
		<Style_HScroll>false</Style_HScroll>
		<Style_Transparent>false</Style_Transparent>
		<Style_Checkbox>true</Style_Checkbox>
		<Text>Users</Text>
		<TooltipReference>This opens up a list of current speakers.</TooltipReference>
		<TextColor>
			<R>255</R>
			<G>255</G>
			<B>255</B>
		</TextColor>
		<Template>BDT_BigNormal</Template>
	</Button>

	<Page item ="SpeakingPage">
		<ScreenID>SpeakingPage</ScreenID>
		<RelativePosition>true</RelativePosition>
		<Style_VScroll>false</Style_VScroll>
		<Style_HScroll>false</Style_HScroll>
		<Style_Transparent>false</Style_Transparent>
		<DrawTemplate>WDT_Def</DrawTemplate>
		<TabText>Speaking</TabText>
		<TooltipReference>Click here to go to the speaking tab.</TooltipReference>
		<TabTextColor>
				<R>255</R>
				<G>255</G>
				<B>255</B>
		</TabTextColor>
		<TabTextActiveColor>
				<R>255</R>
				<G>255</G>
				<B>0</B>
		</TabTextActiveColor>
		<Style_Sizable>true</Style_Sizable>		
	</Page>
	<TabBox item ="VAB_Subwindows">
		<ScreenID>VAB_Subwindows</ScreenID>
		<RelativePosition>true</RelativePosition>
		<AutoStretch>true</AutoStretch>
		<TopAnchorToTop>true</TopAnchorToTop>
		<BottomAnchorToTop>false</BottomAnchorToTop>
		<LeftAnchorToLeft>true</LeftAnchorToLeft>
		<RightAnchorToLeft>false</RightAnchorToLeft>
		<TabBorderTemplate>FT_DefTabBorder</TabBorderTemplate>
		<PageBorderTemplate>FT_DefPageBorder</PageBorderTemplate>
			<Pages>Page:SpeakingPage</Pages>			
	</TabBox>

	<Listbox item="VAB_SpeakersList">
		<EQType>voicechat/SpeakersList</EQType>
		<ScreenID>VAB_SpeakersList</ScreenID>
		<DrawTemplate>WDT_Inner</DrawTemplate>
		<TooltipReference>List of speakers you are listening to.</TooltipReference>
		<AutoStretch>true</AutoStretch>
		<LeftAnchorOffset>4</LeftAnchorOffset>
		<TopAnchorOffset>4</TopAnchorOffset>
		<RightAnchorOffset>4</RightAnchorOffset>
		<BottomAnchorOffset>6</BottomAnchorOffset>
		<TopAnchorToTop>true</TopAnchorToTop>
		<BottomAnchorToTop>false</BottomAnchorToTop>
		<LeftAnchorToLeft>true</LeftAnchorToLeft>
		<RightAnchorToLeft>false</RightAnchorToLeft>
		<TextColor>
			<R>255</R>
			<G>255</G>
			<B>255</B>
		</TextColor>
		<Style_Border>true</Style_Border>
		<Style_VScroll>true</Style_VScroll>
		<Columns>
			<Width>15</Width>
			<Heading></Heading>
		</Columns>
		<Columns>
			<Width>100</Width>
			<Heading>Name</Heading>
			<Sortable>true</Sortable>
		</Columns>
		<Columns>
			<Width>100</Width>
			<Heading>Channel</Heading>
			<Sortable>true</Sortable>
		</Columns>
	</Listbox>

  <Screen item="VAB_ActiveSpeakersWindow">
    <RelativePosition>false</RelativePosition>
    <Location>
      <X>0</X>
      <Y>0</Y>
    </Location>
    <Size>
      <CX>0</CX>
      <CY>0</CY>
    </Size>
    <NoWrap>false</NoWrap>
    <Style_VScroll>false</Style_VScroll>
    <Style_HScroll>false</Style_HScroll>
    <Style_Transparent>false</Style_Transparent>
    <TooltipReference>Helps you manage actively speaking participants.</TooltipReference>
    <DrawTemplate>WDT_Rounded</DrawTemplate>
    <Style_Titlebar>true</Style_Titlebar>
    <Style_Closebox>true</Style_Closebox>
    <Style_Minimizebox>true</Style_Minimizebox>
    <Style_Border>true</Style_Border>
    <Style_Sizable>true</Style_Sizable>
    <Text>Voice Users</Text>
  </Screen>

	<Button item="VAB_ActiveSpeakerButton">
		<EQType>openwnd VAB_ActiveSpeakerWindow</EQType>
		<RelativePosition>true</RelativePosition>
		<Location>
			<X>105</X>
			<Y>140</Y>
		</Location>
		<Size>
			<CX>50</CX>
			<CY>20</CY>
		</Size>
		<Style_VScroll>false</Style_VScroll>
		<Style_HScroll>false</Style_HScroll>
		<Style_Transparent>false</Style_Transparent>
		<Style_Checkbox>true</Style_Checkbox>
		<Text>AS</Text>
		<TooltipReference>This opens up controls for the current speaker.</TooltipReference>
		<TextColor>
			<R>255</R>
			<G>255</G>
			<B>255</B>
		</TextColor>
		<Template>BDT_BigNormal</Template>
	</Button>

	<Screen item = "VAB_ActiveSpeakerWindow">
		<Layout>VAB_LayoutResize</Layout>
		<RelativePosition>false</RelativePosition>
		<EQType>closenotclicked</EQType>
		<Location>
			<X>0</X>
			<Y>0</Y>
		</Location>
		<Size>
			<CX>300</CX>
			<CY>200</CY>
		</Size>
		<Style_VScroll>false</Style_VScroll>
		<Style_HScroll>false</Style_HScroll>
		<Style_Transparent>false</Style_Transparent>
		<!--<TooltipReference/>-->
		<Text>Voice</Text>
		<DrawTemplate>WDT_RoundedNoTitle</DrawTemplate>
		<Style_Titlebar>false</Style_Titlebar>
		<Style_Closebox>false</Style_Closebox>
		<Style_Minimizebox>false</Style_Minimizebox>
		<Style_Border>true</Style_Border>
		<Style_Sizable>false</Style_Sizable>
	</Screen>


	<Label item="VAB_ActiveSpeakerLabel">
		<ScreenID>VAB_ActiveSpeakerLabel</ScreenID>
		<EQType>voicechat/ActiveSpeaker</EQType>
		<RelativePosition>true</RelativePosition>
		<Location>
			<X>200</X>
			<Y>230</Y>
		</Location>
		<Size>
			<CX>150</CX>
			<CY>20</CY>
		</Size>
		<Text></Text>
		<TextColor>
			<R>255</R>
			<G>255</G>
			<B>255</B>
		</TextColor>
		<NoWrap>true</NoWrap>
		<AlignCenter>false</AlignCenter>
		<AlignRight>false</AlignRight>
	</Label>

	<Screen item = "VoiceActionBar">
		<ScreenID>VoiceActionBar</ScreenID>
		<RelativePosition>false</RelativePosition>
		<Layout>VAB_LayoutResize</Layout>
		<Location>
			<X>0</X>
			<Y>0</Y>
		</Location>
		<Size>
			<CX>0</CX>
			<CY>0</CY>
		</Size>
		<Style_VScroll>false</Style_VScroll>
		<Style_HScroll>false</Style_HScroll>
		<Style_Transparent>false</Style_Transparent>
		<!--<TooltipReference/>-->
		<Text>Voice Bar</Text>
		<DrawTemplate>WDT_Rounded</DrawTemplate>
		<Style_Titlebar>false</Style_Titlebar>
		<Style_Closebox>false</Style_Closebox>
		<Style_Minimizebox>false</Style_Minimizebox>
		<Style_Border>false</Style_Border>
		<Style_Sizable>false</Style_Sizable>
	</Screen>
	
	
	<Slider item="VABASW_Volume">
		<EQType>voicechat/ActiveSpeaker/Volume</EQType>
		<RelativePosition>true</RelativePosition>
		<TooltipReference>Volume</TooltipReference>
		<Location>
			<X>10</X>
			<Y>60</Y>
		</Location>
		<Size>
			<CX>100</CX>
			<CY>16</CY>
		</Size>
		<SliderArt>SDT_DefSlider</SliderArt>
	</Slider>
	<Button item="VABASW_VolumeCheckbox">
		<EQType>voicechat/ActiveSpeaker/Mute</EQType>
		<RelativePosition>true</RelativePosition>
		<Location>
			<X>120</X>
			<Y>60</Y>
		</Location>
		<Size>
			<CX>16</CX>
			<CY>16</CY>
		</Size>
		<Style_Transparent>false</Style_Transparent>
		<TooltipReference>Mute Voice Chat</TooltipReference>
		<Style_Checkbox>true</Style_Checkbox>
		<Text />
		<TextColor>
			<R>255</R>
			<G>255</G>
			<B>255</B>
		</TextColor>
		<Template>BDT_Checkbox</Template>
	</Button>
	
	<Label item="VABIC_Name">
		<EQType>voicechat/IncomingCallWnd/Name</EQType>
		<RelativePosition>true</RelativePosition>
		<Location>
			<X>0</X>
			<Y>0</Y>
		</Location>
		<Size>
			<CX>140</CX>
			<CY>20</CY>
		</Size>
		<Text></Text>
		<TextColor>
			<R>255</R>
			<G>255</G>
			<B>255</B>
		</TextColor>
		<NoWrap>true</NoWrap>
		<AlignCenter>false</AlignCenter>
		<AlignRight>false</AlignRight>
	</Label>
	<Button item="VABIC_Accept">
		<EQType>voicechat/IncomingCallWnd/Accept</EQType>
		<RelativePosition>true</RelativePosition>
		<Location>
			<X>10</X>
			<Y>20</Y>
		</Location>
		<Size>
			<CX>50</CX>
			<CY>20</CY>
		</Size>
		<Style_VScroll>false</Style_VScroll>
		<Style_HScroll>false</Style_HScroll>
		<Style_Transparent>false</Style_Transparent>
		<Style_Checkbox>false</Style_Checkbox>
		<Text>Accept</Text>
		<TextColor>
			<R>255</R>
			<G>255</G>
			<B>255</B>
		</TextColor>
		<Template>BDT_BigNormal</Template>
	</Button>
	<Button item="VABIC_Deny">
		<EQType>voicechat/IncomingCallWnd/Deny</EQType>
		<RelativePosition>true</RelativePosition>
		<Location>
			<X>70</X>
			<Y>20</Y>
		</Location>
		<Size>
			<CX>50</CX>
			<CY>20</CY>
		</Size>
		<Style_VScroll>false</Style_VScroll>
		<Style_HScroll>false</Style_HScroll>
		<Style_Transparent>false</Style_Transparent>
		<Style_Checkbox>false</Style_Checkbox>
		<Text>Deny</Text>
		<TextColor>
			<R>255</R>
			<G>255</G>
			<B>255</B>
		</TextColor>
		<Template>BDT_BigNormal</Template>
	</Button>
	<Screen item = "VAB_IncomingCall">
		<!--<Layout>VAB_LayoutResize</Layout>-->
		<RelativePosition>false</RelativePosition>
		<EQType>voicechat/IncomingCallWnd</EQType>
		<Location>
			<X>0</X>
			<Y>0</Y>
		</Location>
		<Size>
			<CX>140</CX>
			<CY>60</CY>
		</Size>
		<Style_VScroll>false</Style_VScroll>
		<Style_HScroll>false</Style_HScroll>
		<Style_Transparent>false</Style_Transparent>
		<!--<TooltipReference/>-->
		<Text>Voice</Text>
		<DrawTemplate>WDT_RoundedNoTitle</DrawTemplate>
		<Style_Titlebar>false</Style_Titlebar>
		<Style_Closebox>false</Style_Closebox>
		<Style_Minimizebox>false</Style_Minimizebox>
		<Style_Border>true</Style_Border>
		<Style_Sizable>false</Style_Sizable>
	</Screen>
	<Editbox item="VABOC_PlayerName">
		<RelativePosition>true</RelativePosition>
		<EQType>voicechat/CallScreen/Name</EQType>
		<AutoStretch>false</AutoStretch>
		<DrawTemplate>WDT_Inner</DrawTemplate>
		<Style_Border>true</Style_Border>
		<Location>
			<X>0</X>
			<Y>0</Y>
		</Location>
		<Size>
			<CX>140</CX>
			<CY>20</CY>
		</Size>
		<TextColor>
			<R>255</R>
			<G>255</G>
			<B>255</B>
		</TextColor>
	</Editbox>
	<Button item="VABOC_Send">
		<RelativePosition>true</RelativePosition>
		<EQType>voicechat/CallScreen/Submit</EQType>
		<Location>
			<X>150</X>
			<Y>0</Y>
		</Location>
		<Size>
			<CX>50</CX>
			<CY>20</CY>
		</Size>
		<Style_VScroll>false</Style_VScroll>
		<Style_HScroll>false</Style_HScroll>
		<Style_Transparent>false</Style_Transparent>
		<Style_Checkbox>false</Style_Checkbox>
		<Text>Send</Text>
		<TextColor>
			<R>255</R>
			<G>255</G>
			<B>255</B>
		</TextColor>
		<Template>BDT_BigNormal</Template>
	</Button>
	<TemplateContainer item="VABOC_CallScreen">
		<EQType>voicechat/CallScreen</EQType>
		<RelativePosition>true</RelativePosition>
		<Style_VScroll>false</Style_VScroll>
		<Style_HScroll>false</Style_HScroll>
		<Style_Transparent>true</Style_Transparent>
		<Layout>VAB_LayoutResize</Layout>
		<Location>
			<X>0</X>
			<Y>0</Y>
		</Location>
		<Size>
			<CX>200</CX>
			<CY>30</CY>
		</Size>
	</TemplateContainer>

	<Screen item = "VAB_OutgoingCall">
		<Layout>VAB_LayoutResize</Layout>
		<RelativePosition>false</RelativePosition>
		<EQType>closenotclicked</EQType>
		<Location>
			<X>0</X>
			<Y>0</Y>
		</Location>
		<Size>
			<CX>205</CX>
			<CY>40</CY>
		</Size>
		<Style_VScroll>false</Style_VScroll>
		<Style_HScroll>false</Style_HScroll>
		<Style_Transparent>false</Style_Transparent>
		<!--<TooltipReference/>-->
		<Text>Voice</Text>
		<DrawTemplate>WDT_Rounded</DrawTemplate>
		<Style_Titlebar>true</Style_Titlebar>
		<Style_Closebox>true</Style_Closebox>
		<Style_Minimizebox>false</Style_Minimizebox>
		<Style_Border>true</Style_Border>
		<Style_Sizable>false</Style_Sizable>
	</Screen>
	<Slider item="VABVVW_Volume">
		<EQType>voicechat/SpeakerVolume</EQType>
		<RelativePosition>true</RelativePosition>
		<TooltipReference>Speaker Volume</TooltipReference>
		<Location>
			<X>10</X>
			<Y>60</Y>
		</Location>
		<Size>
			<CX>100</CX>
			<CY>16</CY>
		</Size>
		<SliderArt>SDT_DefSlider</SliderArt>
	</Slider>
	<Button item="VABVVW_VolumeCheckbox">
		<EQType>voicechat/SpeakerMuteButton</EQType>
		<RelativePosition>true</RelativePosition>
		<TooltipReference>Mute Speaker</TooltipReference>
		<Location>
			<X>120</X>
			<Y>60</Y>
		</Location>
		<Size>
			<CX>16</CX>
			<CY>16</CY>
		</Size>
		<Style_Transparent>false</Style_Transparent>
		<Style_Checkbox>true</Style_Checkbox>
		<Text />
		<TextColor>
			<R>255</R>
			<G>255</G>
			<B>255</B>
		</TextColor>
		<ButtonDrawTemplate>
			<Normal>A_Speaker</Normal>
			<Pressed>A_SpeakerMute</Pressed>
		</ButtonDrawTemplate>
	</Button>
	<TemplateContainer item="VABVVW_Speaker">
		<RelativePosition>true</RelativePosition>
		<Style_VScroll>false</Style_VScroll>
		<Style_HScroll>false</Style_HScroll>
		<Style_Transparent>true</Style_Transparent>
		<Layout>VAB_LayoutResize</Layout>
		<Location>
			<X>0</X>
			<Y>0</Y>
		</Location>
		<Size>
			<CX>0</CX>
			<CY>0</CY>
		</Size>
	</TemplateContainer>
	<Slider item="VABVVW_MicVolume">
		<EQType>voicechat/MicVolume</EQType>
		<TooltipReference>Mic Volume</TooltipReference>
		<RelativePosition>true</RelativePosition>
		<Location>
			<X>10</X>
			<Y>60</Y>
		</Location>
		<Size>
			<CX>100</CX>
			<CY>16</CY>
		</Size>
		<SliderArt>SDT_DefSlider</SliderArt>
	</Slider>
	<Button item="VABVVW_MicCheckbox">
		<EQType>voicechat/MicMuteButton</EQType>
		<TooltipReference>Mute Mic</TooltipReference>
		<RelativePosition>true</RelativePosition>
		<Location>
			<X>120</X>
			<Y>60</Y>
		</Location>
		<Size>
			<CX>16</CX>
			<CY>16</CY>
		</Size>
		<Style_Transparent>false</Style_Transparent>
		<Style_Checkbox>true</Style_Checkbox>
		<Text />
		<TextColor>
			<R>255</R>
			<G>255</G>
			<B>255</B>
		</TextColor>
		<ButtonDrawTemplate>
			<Normal>A_Mic</Normal>
			<Pressed>A_MicMute</Pressed>
		</ButtonDrawTemplate>
	</Button>
	<TemplateContainer item="VABVVW_Mic">
		<RelativePosition>true</RelativePosition>
		<Style_VScroll>false</Style_VScroll>
		<Style_HScroll>false</Style_HScroll>
		<Style_Transparent>true</Style_Transparent>
		<Layout>VAB_LayoutResize</Layout>
		<Location>
			<X>0</X>
			<Y>0</Y>
		</Location>
		<Size>
			<CX>0</CX>
			<CY>0</CY>
		</Size>
	</TemplateContainer>
	<Screen item = "VAB_VoiceVolumeWindow">
		<Layout>VAB_LayoutSmall</Layout>
		<RelativePosition>false</RelativePosition>
		<EQType>closenotclicked</EQType>
		<Location>
			<X>0</X>
			<Y>0</Y>
		</Location>
		<Size>
			<CX>0</CX>
			<CY>0</CY>
		</Size>
		<Style_VScroll>false</Style_VScroll>
		<Style_HScroll>false</Style_HScroll>
		<Style_Transparent>false</Style_Transparent>
		<!--<TooltipReference/>-->
		<Text>Voice</Text>
		<DrawTemplate>WDT_RoundedNoTitle</DrawTemplate>
		<Style_Titlebar>false</Style_Titlebar>
		<Style_Closebox>false</Style_Closebox>
		<Style_Minimizebox>false</Style_Minimizebox>
		<Style_Border>true</Style_Border>
		<Style_Sizable>false</Style_Sizable>
	</Screen>
	
	<Slider item="VABPVVW_Volume">
		<EQType>voicechat/ActiveParticipantMicVolume</EQType>
		<TooltipReference>Relative volume for this speaker</TooltipReference>
		<RelativePosition>true</RelativePosition>
		<Location>
			<X>10</X>
			<Y>60</Y>
		</Location>
		<Size>
			<CX>100</CX>
			<CY>16</CY>
		</Size>
		<SliderArt>SDT_DefSlider</SliderArt>
	</Slider>
	<Button item="VABPVVW_VolumeCheckbox">
		<EQType>voicechat/ActiveParticipantMicMute</EQType>
		<RelativePosition>true</RelativePosition>
		<Location>
			<X>120</X>
			<Y>60</Y>
		</Location>
		<Size>
			<CX>16</CX>
			<CY>16</CY>
		</Size>
		<Style_Transparent>false</Style_Transparent>
		<TooltipReference>Mute This Player</TooltipReference>
		<Style_Checkbox>true</Style_Checkbox>
		<Text />
		<TextColor>
			<R>255</R>
			<G>255</G>
			<B>255</B>
		</TextColor>
		<ButtonDrawTemplate>
			<Normal>A_Speaker</Normal>
			<Pressed>A_SpeakerMute</Pressed>
		</ButtonDrawTemplate>
	</Button>
	<Button item="VABPVVW_ModeratorMute">
		<EQType>voicechat/ActiveParticipantModeratorMute</EQType>
		<RelativePosition>true</RelativePosition>
		<Location>
			<X>120</X>
			<Y>60</Y>
		</Location>
		<Size>
			<CX>16</CX>
			<CY>16</CY>
		</Size>
		<Style_Transparent>false</Style_Transparent>
		<TooltipReference>Mute/Unmute to entire channel (Moderator)</TooltipReference>
		<Style_Checkbox>true</Style_Checkbox>
		<Text />
		<TextColor>
			<R>255</R>
			<G>255</G>
			<B>255</B>
		</TextColor>
		<ButtonDrawTemplate>
			<Normal>A_Speaker</Normal>
			<Pressed>A_SpeakerMute</Pressed>
		</ButtonDrawTemplate>
	</Button>
	<Button item="VABPVVW_ModeratorKick">
		<EQType>voicechat/ActiveParticipantModeratorKick</EQType>
		<RelativePosition>true</RelativePosition>
		<Location>
			<X>120</X>
			<Y>60</Y>
		</Location>
		<Size>
			<CX>16</CX>
			<CY>16</CY>
		</Size>
		<Style_Transparent>false</Style_Transparent>
		<TooltipReference>Kick from channel (Moderator)</TooltipReference>
		<Style_Checkbox>false</Style_Checkbox>
		<Text />
		<TextColor>
			<R>255</R>
			<G>255</G>
			<B>255</B>
		</TextColor>
		<ButtonDrawTemplate>
			<Normal>A_Kick</Normal>
		</ButtonDrawTemplate>
	</Button>
	<Button item="VABPVVW_ModeratorBan">
		<EQType>voicechat/ActiveParticipantModeratorBan</EQType>
		<RelativePosition>true</RelativePosition>
		<Location>
			<X>120</X>
			<Y>60</Y>
		</Location>
		<Size>
			<CX>16</CX>
			<CY>16</CY>
		</Size>
		<Style_Transparent>false</Style_Transparent>
		<TooltipReference>Ban/Unban from channel (Moderator)</TooltipReference>
		<Style_Checkbox>false</Style_Checkbox>
		<Text />
		<TextColor>
			<R>255</R>
			<G>255</G>
			<B>255</B>
		</TextColor>
		<ButtonDrawTemplate>
			<Normal>A_Kick</Normal>
		</ButtonDrawTemplate>
	</Button>
	<Screen item = "VAB_ParticipantVoiceVolumeWindow">
		<Layout>VAB_LayoutResize</Layout>
		<RelativePosition>false</RelativePosition>
		<EQType>closenotclicked</EQType>
		<Location>
			<X>0</X>
			<Y>0</Y>
		</Location>
		<Size>
			<CX>0</CX>
			<CY>0</CY>
		</Size>
		<Style_VScroll>false</Style_VScroll>
		<Style_HScroll>false</Style_HScroll>
		<Style_Transparent>false</Style_Transparent>
		<!--<TooltipReference/>-->
		<Text>Voice</Text>
		<DrawTemplate>WDT_RoundedNoTitle</DrawTemplate>
		<Style_Titlebar>false</Style_Titlebar>
		<Style_Closebox>false</Style_Closebox>
		<Style_Minimizebox>false</Style_Minimizebox>
		<Style_Border>false</Style_Border>
		<Style_Sizable>false</Style_Sizable>
	</Screen>


</XML>
